Flotta,Veicolo,Codice,Nome,Descrizione,Test,Timestamp,Timestamp chiusura,Durata,Posizione,Sistema,Componente,Latitudine,Longitudine,Contemporaneo,Timestamp segnale,Durata,CabEnabled_M1,CabEnabled_M8,ERTMS_PiastraSts,HMI_ACPntSts_T2,HMI_ACPntSts_T7,HMI_DCPntSts_T2,HMI_DCPntSts_T7,HMI_Iline,HMI_Irsts_T2,HMI_Irsts_T7,HMI_VBatt_T2,HMI_VBatt_T4,HMI_VBatt_T5,HMI_VBatt_T7,HMI_Vline,HMI_impSIL,LineVoltType,MDS_LedLimVel,MDS_StatoMarcia,_GPS_LAT,_GPS_LON,ldvvelimps,ldvveltreno,usB1BCilPres_M1,usB1BCilPres_M3,usB1BCilPres_M6,usB1BCilPres_M8,usB1BCilPres_T2,usB1BCilPres_T4,usB1BCilPres_T5,usB1BCilPres_T7,usB2BCilPres_M1,usB2BCilPres_M3,usB2BCilPres_M6,usB2BCilPres_M8,usB2BCilPres_T2,usB2BCilPres_T4,usB2BCilPres_T5,usB2BCilPres_T7,usBpPres,usMpPres,Tipo_Evento,Tipo_Evento_Classificato
ETR700,e700_4801,,,,N,2024-11-19 16:49:59.582568,2024-11-19 16:50:01.782568,2.2,,VEHICLE,VEHICLE,,,,2024-11-19 16:50:00.350378,2.2,1.12,-0.09,0.0,0.02,-0.01,-0.04,1.06,56.23,-0.08,1.05,28.58,29.2,28.86,28.92,3473.21,2339.09,1.98,-0.01,1.0,45.49,9.23,253.72,29.33,-0.14,-0.18,-0.17,-0.17,-0.17,-0.15,-0.21,-0.19,0.0,-0.19,-0.18,-0.14,-0.16,-0.16,-0.2,0.0,4.95,8.7,Funzionamento Normale,1
ETR700,e700_4801,,,,N,2024-11-19 16:52:15.094408,2024-11-19 16:52:26.434408,11.34,,VEHICLE,VEHICLE,,,,2024-11-19 16:52:15.484703,11.34,-0.1,1.17,2.27,0.04,-0.03,0.91,-0.06,53.41,0.96,-0.16,28.87,29.2,29.03,28.76,3476.08,1495.0,2.02,0.03,0.87,45.47,12.34,242.97,173.26,-0.22,-0.18,-0.14,-0.13,-0.14,-0.17,-0.09,-0.12,0.0,-0.19,-0.14,-0.13,-0.14,-0.17,-0.09,0.01,5.83,9.52,Funzionamento Normale,1
ETR700,e700_4801,,,,N,2024-11-19 16:52:26.463657,2024-11-19 16:52:59.853657,33.39,,VEHICLE,VEHICLE,,,,2024-11-19 16:52:27.254943,33.39,0.88,0.08,1.92,0.01,0.0,0.99,-0.0,44.35,0.87,0.04,29.22,29.2,29.42,29.22,3800.53,1287.78,2.09,-0.01,1.01,45.48,13.16,47.33,117.02,0.05,-0.03,-0.03,0.06,-0.03,-0.02,0.1,0.01,0.16,-0.02,-0.03,0.04,-0.02,-0.02,0.1,0.02,4.94,9.3,Funzionamento Normale,1
ETR700,e700_4801,,,,N,2024-11-19 16:52:59.902056,2024-11-19 16:54:11.752056,71.85,,VEHICLE,VEHICLE,,,,2024-11-19 16:53:00.682251,71.85,-0.17,1.12,1.04,0.0,-0.02,1.0,0.02,72.39,0.11,-0.07,28.66,29.2,28.8,28.39,3210.49,2250.25,1.92,-0.01,1.18,45.85,13.9,103.0,2.88,2.94,2.81,2.87,2.85,2.83,2.31,2.43,2.83,2.17,2.78,2.87,2.84,2.8,2.3,2.43,10843.76,-3.72,8.13,Funzionamento Normale,1
ETR700,e700_4801,,,,N,2024-11-19 16:53:19.606843,2024-11-19 16:53:39.256843,19.65,,VEHICLE,VEHICLE,,,,2024-11-19 16:53:20.438089,19.65,-0.09,0.13,0.12,-0.01,0.02,1.02,0.06,40.74,0.86,0.06,29.11,29.31,29.36,29.1,3481.37,2504.32,2.0,-0.0,1.32,45.44,8.73,9.58,-16.79,2.63,2.55,1.98,2.14,2.11,2.14,2.24,2.61,2.64,2.54,2.62,2.66,2.44,2.13,2.23,2.59,0.08,9.1,Anomalia,0
ETR700,e700_4801,,,,N,2024-11-19 16:54:05.651787,2024-11-19 16:54:25.811787,20.16,,VEHICLE,VEHICLE,,,,2024-11-19 16:54:06.146394,20.16,1.02,-0.14,-0.14,-0.0,-0.02,-0.12,1.08,-184.34,-0.11,1.06,29.05,29.26,29.32,29.1,3425.32,2073.97,1.94,-0.0,1.1,45.53,12.7,58.61,-17.95,2.86,2.83,2.84,2.65,2.56,2.35,2.47,2.91,2.85,2.8,2.96,2.83,2.64,2.34,2.46,2.94,-0.21,9.33,Anomalia,0
ETR700,e700_4801,,,,N,2024-11-19 16:54:25.839455,2024-11-19 16:55:11.849455,46.01,,VEHICLE,VEHICLE,,,,2024-11-19 16:54:26.139448,46.01,0.11,0.16,0.91,-0.02,0.01,0.99,-0.01,31.66,0.93,-0.06,28.6,29.2,28.81,28.65,3506.6,2487.66,2.02,-0.01,0.96,45.68,12.38,178.32,102.39,0.2,0.2,0.19,0.19,0.16,0.17,0.04,0.23,0.02,0.2,0.19,0.16,0.13,0.17,0.06,0.35,4.82,8.23,Funzionamento Normale,1
ETR700,e700_4801,,,,N,2024-11-19 16:55:11.896246,2024-11-19 17:12:42.286246,1050.39,,VEHICLE,VEHICLE,,,,2024-11-19 16:55:12.328245,1050.39,0.9,0.91,1.89,0.0,-0.04,0.1,0.8,68.71,-0.01,0.97,29.19,29.49,29.57,29.1,3571.81,1553.75,1.93,0.02,0.89,45.78,12.88,138.29,136.39,-0.0,-0.05,-0.13,-0.07,0.07,-0.06,0.02,-0.03,0.01,-0.04,-0.05,-0.05,0.0,-0.05,0.01,-0.04,4.8,8.67,Anomalia,0
ETR700,e700_4801,,,,N,2024-11-19 17:12:42.323304,2024-11-19 17:12:49.063304,6.74,,VEHICLE,VEHICLE,,,,2024-11-19 17:12:43.099655,6.74,0.97,0.04,1.05,-0.03,0.0,-0.04,1.09,-25.89,-0.07,1.06,28.64,28.82,28.79,29.1,3514.54,1438.64,1.95,0.01,0.97,45.65,12.54,34.31,1.36,2.45,2.46,1.82,1.73,1.63,2.09,2.01,2.55,2.42,2.42,2.61,2.48,2.27,2.1,2.0,2.55,0.74,9.08,Anomalia,0
ETR700,e700_4801,,,,N,2024-11-19 17:12:49.109570,2024-11-19 17:13:00.859570,11.75,,VEHICLE,VEHICLE,,,,2024-11-19 17:12:49.830390,11.75,0.09,0.07,2.04,0.01,-0.02,-0.02,1.11,18.08,0.08,0.98,28.99,29.12,29.21,29.1,3780.81,1524.23,1.98,0.01,1.11,45.49,12.34,154.49,-3.37,0.32,0.36,0.6,0.4,0.56,0.3,0.47,0.37,0.33,0.36,0.46,0.29,0.36,0.29,0.41,0.42,4.56,8.09,Anomalia,0
ETR700,e700_4801,,,,N,2024-11-19 17:26:37.813497,2024-11-19 17:28:07.123497,89.31,,VEHICLE,VEHICLE,,,,2024-11-19 17:26:37.836961,89.31,1.04,0.18,1.65,-0.05,-0.03,0.81,0.09,59.24,0.08,0.77,28.85,29.13,29.18,29.1,3433.23,2052.98,1.84,0.01,0.57,45.51,13.01,246.11,-22.72,-0.12,-0.11,-0.46,-0.12,-0.02,-0.04,0.07,-0.02,-0.12,-0.12,-0.03,-0.0,0.02,-0.06,0.07,0.0,5.07,8.57,Anomalia,0
ETR700,e700_4801,,,,N,2024-11-19 17:28:07.176871,2024-11-19 17:30:23.676871,136.5,,VEHICLE,VEHICLE,,,,2024-11-19 17:28:07.358076,136.5,0.69,0.23,1.96,-0.0,0.0,0.08,0.33,36.03,0.98,0.01,28.81,29.14,29.19,29.1,3436.86,2411.45,1.99,-0.01,0.89,45.51,8.88,207.62,61.43,1.99,1.22,1.43,1.27,1.02,0.84,0.49,1.29,1.85,1.19,1.74,1.02,0.82,0.8,0.49,1.52,3.95,8.95,Anomalia,0
ETR700,e700_4801,,,,N,2024-11-19 17:30:23.730961,2024-11-19 17:44:12.380961,828.65,,VEHICLE,VEHICLE,,,,2024-11-19 17:30:24.543040,828.65,1.14,-0.13,0.87,-0.0,-0.0,0.01,0.89,95.15,-0.05,1.0,28.76,29.2,29.25,29.04,3534.52,2375.86,1.97,-0.02,0.83,45.52,9.53,245.68,197.83,-0.44,-0.47,-0.49,-0.42,-0.42,-0.37,-0.36,-0.48,0.0,-0.47,-0.49,-0.41,-0.4,-0.38,-0.35,0.0,5.75,8.61,Funzionamento Normale,1
ETR700,e700_4801,,,,N,2024-11-19 17:31:50.415276,2024-11-19 17:32:07.305276,16.89,,VEHICLE,VEHICLE,,,,2024-11-19 17:31:50.911564,16.89,0.03,0.93,1.79,-0.02,-0.01,0.14,0.16,66.67,-0.0,0.99,28.72,29.2,29.2,28.95,3565.84,1851.56,1.95,-0.02,0.99,45.5,12.13,71.78,96.79,-0.21,-0.15,-0.15,-0.19,-0.2,-0.12,-0.21,-0.16,0.0,-0.16,-0.15,-0.18,-0.2,-0.12,-0.2,0.01,184.07,8.85,Funzionamento Normale,1
ETR700,e700_4801,,,,N,2024-11-19 17:33:17.100924,2024-11-19 17:33:55.300924,38.2,,VEHICLE,VEHICLE,,,,2024-11-19 17:33:18.081986,38.2,0.99,-0.06,1.9,-0.02,0.03,-0.1,0.98,83.97,0.03,1.02,29.73,29.2,29.9,29.63,3390.78,1704.3,2.05,-0.03,1.16,45.48,10.43,94.08,29.63,-0.07,-0.07,-0.13,-0.01,-0.01,-0.08,-0.07,-0.04,0.0,-0.08,-0.15,-0.02,-0.0,-0.08,-0.05,0.03,4.95,9.88,Funzionamento Normale,1
ETR700,e700_4801,,,,N,2024-11-19 17:34:43.785016,2024-11-19 17:37:22.515016,158.73,,VEHICLE,VEHICLE,,,,2024-11-19 17:34:44.285649,158.73,0.88,0.86,2.03,0.01,-0.02,-0.06,1.07,325.61,0.07,1.14,29.91,30.7,30.24,30.05,3533.19,1789.28,1.93,-0.01,0.97,45.46,12.0,133.39,27.71,-0.0,0.03,-0.0,0.05,0.02,0.08,0.02,0.04,0.02,0.03,-0.02,0.02,0.01,0.09,0.04,0.0,4.95,8.71,Funzionamento Normale,1
ETR700,e700_4801,,,,N,2024-11-19 17:36:10.468002,2024-11-19 17:36:10.888002,0.42,,VEHICLE,VEHICLE,,,,2024-11-19 17:36:10.698041,0.42,-0.07,1.07,1.79,0.01,-0.02,0.87,0.02,68.19,1.06,-0.05,29.29,29.2,29.37,29.14,3428.92,1791.8,2.01,0.0,1.05,45.51,11.24,62.64,74.93,0.23,0.15,0.11,0.19,0.31,0.08,0.34,0.17,0.38,0.13,0.11,0.15,0.39,0.08,0.33,0.0,4.93,8.75,Funzionamento Normale,1
ETR700,e700_4801,,,,N,2024-11-19 17:36:10.941777,2024-11-19 17:37:37.571777,86.63,,VEHICLE,VEHICLE,,,,2024-11-19 17:36:11.177234,86.63,0.05,1.13,1.97,-0.01,-0.01,1.15,-0.06,136.38,1.06,-0.01,28.9,29.11,28.99,29.1,3526.66,2474.83,1.95,0.0,0.85,45.45,9.56,203.83,17.09,-0.02,-0.02,-0.09,-0.13,-0.04,0.04,0.02,0.03,-0.03,-0.02,0.0,-0.01,-0.02,0.04,0.01,0.05,4.95,1.27,Anomalia,0
ETR700,e700_4801,,,,N,2024-11-19 17:37:37.625656,2024-11-19 17:38:21.155656,43.53,,VEHICLE,VEHICLE,,,,2024-11-19 17:37:37.785740,43.53,0.02,1.13,2.29,0.02,0.04,1.03,-0.33,43.98,1.11,-0.17,28.82,29.2,29.02,28.67,3567.18,2376.2,2.14,-0.0,0.88,45.55,8.94,268.8,135.41,-0.5,-0.53,-0.58,-0.54,-0.46,-0.44,-0.41,-0.54,0.0,-0.53,-0.57,-0.53,-0.47,-0.45,-0.41,0.0,5.03,8.38,Funzionamento Normale,1
ETR700,e700_4801,,,,N,2024-11-19 17:38:07.729137,2024-11-19 17:41:05.229137,177.5,,VEHICLE,VEHICLE,,,,2024-11-19 17:38:08.433009,177.5,0.83,0.07,0.93,-0.0,0.01,0.9,0.36,-30.36,-0.12,1.08,29.14,29.2,29.44,29.35,3562.16,1570.03,1.98,0.03,0.98,45.45,12.12,220.05,-1.67,0.23,0.17,0.16,0.12,0.06,0.21,0.03,0.1,0.13,0.16,0.15,0.13,0.04,0.21,0.05,0.0,4.95,8.5,Funzionamento Normale,1
ETR700,e700_4801,,,,N,2024-11-19 17:41:05.263885,2024-11-19 17:41:41.133885,35.87,,VEHICLE,VEHICLE,,,,2024-11-19 17:41:06.073966,35.87,0.03,0.14,-0.06,-0.01,-0.0,0.99,0.2,-744.41,-0.1,-0.02,20.07,-5661.4,20.49,20.43,3421.2,2282.22,2.1,0.02,2.1,45.61,11.85,272.78,7.19,2.61,2.55,2.61,2.39,0.45,2.05,0.35,2.28,0.33,2.52,2.56,2.51,0.4,2.01,0.3,0.0,4.94,7.97,Funzionamento Normale,1
ETR700,e700_4801,,,,N,2024-11-19 17:41:35.341105,2024-11-19 17:42:05.391105,30.05,,VEHICLE,VEHICLE,,,,2024-11-19 17:41:36.240271,30.05,1.0,0.01,0.08,0.03,-0.01,-0.04,1.02,61.0,-0.04,1.08,29.43,29.69,29.68,29.13,3664.0,1333.15,2.04,-0.0,0.93,45.88,14.34,241.13,4.97,0.06,0.06,0.41,0.52,0.32,0.06,0.06,0.05,0.05,0.06,0.06,0.11,0.04,0.06,0.07,0.07,4.98,8.87,Anomalia,0
ETR700,e700_4801,,,,N,2024-11-19 17:42:05.430055,2024-11-19 17:44:45.480055,160.05,,VEHICLE,VEHICLE,,,,2024-11-19 17:42:06.360499,160.05,-0.01,0.87,0.98,-0.0,0.01,0.16,0.94,68.59,0.13,0.98,29.69,29.2,29.88,29.65,3539.63,1538.08,1.97,0.01,1.08,45.44,13.73,-23.49,-9.93,2.78,2.65,2.73,2.75,2.48,2.2,2.22,2.68,0.28,2.62,2.72,2.73,2.46,2.2,2.24,4.94,4.82,8.09,Funzionamento Normale,1
ETR700,e700_4801,,,,N,2024-11-19 17:44:45.512819,2024-11-19 17:45:19.432819,33.92,,VEHICLE,VEHICLE,,,,2024-11-19 17:44:45.637090,33.92,-0.04,1.07,2.17,0.0,0.01,0.89,-0.11,66.71,0.99,-0.05,28.76,29.2,28.78,28.66,3364.3,1975.4,2.09,-0.03,1.03,45.44,8.74,241.14,17.35,0.08,0.11,0.11,0.22,0.23,0.12,0.33,0.24,0.04,0.11,0.1,0.2,0.25,0.12,0.37,0.01,4.82,8.75,Funzionamento Normale,1
ETR700,e700_4801,,,,N,2024-11-19 17:45:19.459579,2024-11-19 17:51:52.399579,392.94,,VEHICLE,VEHICLE,,,,2024-11-19 17:45:20.406868,392.94,1.11,-0.05,0.73,0.03,0.03,-0.11,1.04,58.52,-0.01,1.07,29.49,29.2,29.64,29.41,3733.28,1862.63,2.13,-0.02,1.07,45.46,12.05,249.14,61.04,-0.2,-0.21,-0.23,-0.15,-0.08,-0.17,-0.03,-0.19,0.02,-0.21,-0.22,-0.12,-0.04,-0.18,-0.06,0.0,5.85,9.71,Funzionamento Normale,1
ETR700,e700_4801,,,,N,2024-11-19 17:47:08.065835,2024-11-19 17:47:14.795835,6.73,,VEHICLE,VEHICLE,,,,2024-11-19 17:47:08.683984,6.73,0.08,0.14,1.21,-0.01,0.0,0.91,-0.01,49.87,0.06,0.8,29.19,29.2,29.55,29.38,4382.81,1552.63,2.0,-0.03,1.1,45.51,9.69,147.58,16.61,0.13,0.1,0.12,0.2,0.12,0.1,0.04,0.12,0.22,0.1,0.12,0.15,0.09,0.1,0.04,37.49,4.92,8.33,Funzionamento Normale,1
ETR700,e700_4801,,,,N,2024-11-19 17:47:14.822308,2024-11-19 17:47:28.932308,14.11,,VEHICLE,VEHICLE,,,,2024-11-19 17:47:15.667987,14.11,-0.14,1.18,2.19,0.01,0.01,1.12,-0.22,80.78,1.14,-0.19,28.79,29.2,29.04,28.69,3368.79,1838.64,2.08,-0.0,1.09,45.58,11.84,263.2,157.77,-0.27,-0.22,-0.23,-0.18,-0.19,-0.18,-0.14,-0.19,0.0,-0.22,-0.23,-0.2,-0.19,-0.19,-0.13,0.0,6.02,8.28,Funzionamento Normale,1
ETR700,e700_4801,,,,N,2024-11-19 17:47:28.978685,2024-11-19 17:49:17.558685,108.58,,VEHICLE,VEHICLE,,,,2024-11-19 17:47:29.730257,108.58,0.99,-0.06,0.89,-0.01,-0.02,-0.08,1.0,75.05,0.07,0.05,28.72,28.95,29.06,29.1,3162.34,2487.81,1.94,0.01,0.91,45.48,9.0,268.92,19.51,-0.05,0.02,0.08,-0.2,-0.21,0.06,-0.04,0.01,-0.05,0.03,0.01,-0.09,-0.08,0.07,-0.05,0.0,5.08,9.36,Anomalia,0
ETR700,e700_4801,,,,N,2024-11-19 17:47:31.502572,2024-11-19 17:47:33.592572,2.09,,VEHICLE,VEHICLE,,,,2024-11-19 17:47:31.530749,2.09,1.2,-0.15,1.74,0.0,-0.0,-0.23,1.08,83.23,-0.19,1.22,29.14,29.58,29.62,29.1,3548.51,1301.84,2.0,0.0,0.63,45.66,13.2,279.48,2.71,-0.08,-0.14,-0.57,-0.75,-0.48,-0.13,-0.15,-0.2,-0.11,-0.13,-0.14,-0.22,-0.1,-0.13,-0.17,-0.21,5.25,8.38,Anomalia,0
ETR700,e700_4801,,,,N,2024-11-19 17:47:33.647651,2024-11-19 17:47:36.117651,2.47,,VEHICLE,VEHICLE,,,,2024-11-19 17:47:34.131254,2.47,-0.07,0.13,0.86,-0.01,0.01,1.06,1.03,39.58,0.13,0.97,30.03,61.22,30.2,30.11,3597.52,2047.34,1.9,0.03,1.17,45.43,11.72,6.38,-10.23,2.79,2.73,2.81,2.76,2.64,2.26,2.39,2.79,0.95,2.73,2.81,2.71,2.62,2.26,2.39,290.7,-223.58,9.13,Funzionamento Normale,1
ETR700,e700_4801,,,,N,2024-11-19 17:47:36.170688,2024-11-19 17:47:36.590688,0.42,,VEHICLE,VEHICLE,,,,2024-11-19 17:47:37.132788,0.42,0.06,0.19,0.05,0.0,0.0,1.01,0.99,-272.51,0.98,0.09,29.3,29.49,29.53,29.1,4148.02,1827.63,2.02,-0.01,1.15,45.57,12.53,166.7,7.35,2.76,2.59,2.42,2.59,2.48,2.12,2.14,2.51,2.75,2.58,2.66,2.73,2.51,2.13,2.14,2.54,0.19,9.56,Anomalia,0
ETR700,e700_4801,,,,N,2024-11-19 17:47:42.722902,2024-11-19 17:48:10.482902,27.76,,VEHICLE,VEHICLE,,,,2024-11-19 17:47:43.375751,27.76,0.12,0.09,0.89,0.0,-0.01,0.96,0.11,67.62,0.85,-0.01,28.94,29.13,29.1,29.1,1946.43,2407.63,2.01,0.01,1.25,45.42,8.98,68.78,-6.24,1.18,2.16,1.29,1.07,1.19,1.22,1.09,1.24,1.17,2.09,1.6,0.77,0.79,1.37,1.02,1.31,3.75,9.48,Anomalia,0
ETR700,e700_4801,,,,N,2024-11-19 17:48:10.514109,2024-11-19 17:48:12.394109,1.88,,VEHICLE,VEHICLE,,,,2024-11-19 17:48:11.342663,1.88,1.06,-0.14,0.06,-0.01,0.02,0.77,1.0,-120.33,0.09,0.73,28.93,29.06,29.15,29.1,3513.85,2262.49,2.03,0.0,1.21,45.47,11.1,214.65,13.82,0.28,0.38,1.12,0.83,0.53,0.43,0.11,0.26,0.28,0.34,0.37,0.26,0.09,0.45,0.11,0.25,2.86,8.5,Anomalia,0
ETR700,e700_4801,,,,N,2024-11-19 17:48:17.061340,2024-11-19 17:48:23.581340,6.52,,VEHICLE,VEHICLE,,,,2024-11-19 17:48:17.668992,6.52,-0.14,1.19,1.97,0.03,0.0,1.13,-0.15,50.28,1.08,-0.2,28.47,29.2,23.82,23.95,3447.7,2428.53,2.1,0.02,0.88,45.48,11.65,76.42,12.97,0.2,0.27,0.15,0.19,0.09,0.21,0.03,0.12,0.02,0.25,0.16,0.17,0.08,0.21,0.01,0.02,4.94,8.27,Funzionamento Normale,1
ETR700,e700_4801,,,,N,2024-11-19 17:51:09.797460,2024-11-19 17:54:02.487460,172.69,,VEHICLE,VEHICLE,,,,2024-11-19 17:51:10.048938,172.69,0.95,0.83,1.94,0.02,-0.01,-0.06,0.89,37.25,0.01,1.0,29.02,29.08,29.3,29.1,5277.79,1115.67,2.03,-0.0,0.94,45.52,12.01,18.94,81.05,0.12,0.15,0.21,0.33,0.47,0.12,0.2,0.08,0.13,0.14,0.04,0.1,0.16,0.12,0.24,0.1,4.7,8.92,Anomalia,0
ETR700,e700_4801,,,,N,2024-11-19 17:54:02.521553,2024-11-19 17:54:05.151553,2.63,,VEHICLE,VEHICLE,,,,2024-11-19 17:54:02.697383,2.63,1.17,-0.11,0.95,0.06,0.02,-0.26,1.16,-21.5,-0.12,1.15,28.8,28.98,28.98,29.1,4465.35,1584.15,2.12,0.0,0.8,45.55,9.86,277.94,3.16,-0.22,-0.22,-0.68,-0.78,-0.96,-0.26,-0.33,-0.3,-0.2,-0.22,-0.24,-0.28,-0.27,-0.26,-0.33,-0.26,5.37,9.25,Anomalia,0
ETR700,e700_4801,,,,N,2024-11-19 17:54:05.458110,2024-11-19 17:54:09.638110,4.18,,VEHICLE,VEHICLE,,,,2024-11-19 17:54:06.230298,4.18,-0.19,1.22,2.13,0.05,0.04,1.0,-0.21,75.41,1.12,-0.14,28.27,28.51,28.41,22.37,3861.2,1999.44,4.06,0.0,0.97,45.52,8.69,266.32,245.94,-0.01,-0.02,0.02,0.05,0.49,-0.06,0.09,-0.05,-0.02,-0.02,-0.06,-0.07,0.11,-0.05,0.05,-0.05,4.96,9.3,Anomalia,0
ETR700,e700_4801,,,,N,2024-11-19 17:54:08.395798,2024-11-19 17:54:11.305798,2.91,,VEHICLE,VEHICLE,,,,2024-11-19 17:54:09.288882,2.91,0.9,0.89,0.98,-0.03,-0.02,0.04,0.97,70.77,0.06,0.82,28.98,29.2,29.05,28.87,3266.95,1868.08,1.88,0.01,0.82,45.67,11.87,154.9,-2.62,0.46,0.64,0.47,0.53,0.35,0.33,0.13,0.73,0.04,0.6,0.45,0.66,0.38,0.32,0.13,0.2,4.89,8.03,Funzionamento Normale,1
ETR700,e700_4801,,,,N,2024-11-19 17:58:19.561757,2024-11-19 18:02:30.681757,251.12,,VEHICLE,VEHICLE,,,,2024-11-19 17:58:19.893259,251.12,-0.06,0.08,1.08,-0.01,0.0,1.17,-0.03,-45.26,1.14,-0.15,29.07,29.16,29.19,29.1,3536.52,1895.28,1.99,0.01,3.76,45.5,12.94,2.98,-4.34,2.84,2.8,2.29,2.26,2.3,2.39,2.5,2.87,2.83,2.77,2.91,2.85,2.65,2.4,2.5,2.86,-0.32,8.7,Anomalia,0
ETR700,e700_4801,,,,N,2024-11-19 18:02:30.740251,2024-11-19 18:02:34.730251,3.99,,VEHICLE,VEHICLE,,,,2024-11-19 18:02:31.030683,3.99,0.82,-0.07,0.13,0.02,-0.05,0.09,0.96,-52.21,-0.05,1.03,28.81,29.0,28.98,29.1,3495.2,1619.02,1.95,-0.01,1.17,45.61,13.29,231.0,-9.13,2.56,2.52,2.29,2.28,1.94,2.07,2.06,2.62,2.57,2.49,2.62,2.64,2.34,2.07,2.05,2.63,-0.12,8.96,Anomalia,0
ETR700,e700_4801,,,,N,2024-11-19 18:02:47.714212,2024-11-19 18:03:04.634212,16.92,,VEHICLE,VEHICLE,,,,2024-11-19 18:02:48.096766,16.92,-0.15,1.12,2.06,0.0,-0.01,2.03,-0.11,66.72,1.27,-0.22,29.21,29.2,29.27,29.08,3586.9,1746.94,1.96,0.03,1.01,45.78,11.39,26.62,1.2,0.69,0.6,0.42,0.53,0.65,0.52,0.36,0.42,0.06,0.58,0.44,0.54,0.67,0.48,0.43,0.01,4.96,9.14,Funzionamento Normale,1
ETR700,e700_4801,,,,N,2024-11-19 18:12:32.046473,2024-11-19 18:12:39.176473,7.13,,VEHICLE,VEHICLE,,,,2024-11-19 18:12:32.490438,7.13,-0.2,1.19,1.86,0.0,-0.01,2.1,-0.14,52.51,1.17,-0.18,29.1,29.2,29.25,29.13,3562.43,1984.7,1.93,-0.01,0.98,45.5,11.64,203.52,11.46,2.47,2.49,2.55,2.34,0.64,2.06,0.2,2.34,0.18,2.47,2.51,2.39,0.57,2.05,0.23,0.28,4.94,8.47,Funzionamento Normale,1
ETR700,e700_4801,,,,N,2024-11-19 18:12:39.229576,2024-11-19 18:13:02.129576,22.9,,VEHICLE,VEHICLE,,,,2024-11-19 18:12:40.049789,22.9,0.14,0.89,1.01,-0.01,0.01,1.07,-0.1,95.41,1.01,-0.08,28.41,29.2,28.48,28.33,3352.25,1996.91,2.02,-0.01,1.14,45.56,11.47,175.51,0.97,0.11,0.07,0.09,0.03,-0.01,0.04,-0.01,0.04,0.02,0.06,0.09,0.02,-0.01,0.03,-0.01,0.0,4.91,5.26,Funzionamento Normale,1
ETR700,e700_4801,,,,N,2024-11-19 18:22:23.562626,2024-11-19 18:22:54.032626,30.47,,VEHICLE,VEHICLE,,,,2024-11-19 18:22:23.635631,30.47,1.06,-0.07,-0.09,-0.01,-0.01,-0.16,1.21,64.54,-0.11,0.98,22.62,29.07,23.32,23.66,2668.57,2088.43,2.0,-0.0,1.03,45.48,13.19,245.15,-1.89,0.44,0.34,0.34,0.47,0.26,0.26,0.24,0.36,0.12,0.36,0.3,0.48,0.29,0.27,0.27,0.01,4.94,8.51,Funzionamento Normale,1
ETR700,e700_4801,,,,N,2024-11-19 18:22:54.113194,2024-11-19 18:23:09.663194,15.55,,VEHICLE,VEHICLE,,,,2024-11-19 18:22:54.897934,15.55,0.1,-0.05,0.94,0.01,-0.03,0.97,0.81,-116.45,1.01,0.13,29.42,29.2,29.66,29.47,3522.02,1999.3,1.93,0.02,1.05,45.52,12.6,-2.84,-7.96,2.59,2.38,2.53,2.54,2.34,2.07,1.9,2.5,0.43,2.4,2.54,2.57,2.28,2.06,1.96,0.05,4.44,8.81,Funzionamento Normale,1
ETR700,e700_4801,,,,N,2024-11-19 18:23:09.713593,2024-11-19 18:30:24.793593,435.08,,VEHICLE,VEHICLE,,,,2024-11-19 18:23:09.959779,435.08,0.12,0.14,0.87,-0.0,-0.01,0.93,0.28,101.89,0.93,0.14,28.46,29.2,28.61,28.48,3504.23,2414.4,1.97,0.0,1.04,45.48,10.64,179.36,18.44,0.08,0.04,0.04,0.12,0.1,0.02,0.04,0.06,0.0,0.04,0.02,0.1,0.1,0.02,0.05,0.0,4.94,8.76,Funzionamento Normale,1
ETR700,e700_4801,,,,N,2024-11-19 18:30:24.846345,2024-11-19 18:31:10.056345,45.21,,VEHICLE,VEHICLE,,,,2024-11-19 18:30:25.354713,45.21,1.09,-0.01,0.91,-0.0,-0.0,0.04,0.89,102.43,0.89,0.9,29.5,29.2,29.86,29.74,3556.2,1851.21,2.01,-0.01,1.11,45.66,9.27,238.51,133.62,-0.37,-0.39,-0.44,-0.36,-0.29,-0.36,-0.24,-0.38,0.08,-0.39,-0.45,-0.36,-0.3,-0.36,-0.25,0.01,5.11,9.96,Funzionamento Normale,1
ETR700,e700_4801,,,,N,2024-11-19 18:40:09.179154,2024-11-19 18:49:53.459154,584.28,,VEHICLE,VEHICLE,,,,2024-11-19 18:40:09.998945,584.28,1.18,-0.05,1.09,0.01,0.02,-0.16,1.17,-14.24,-0.18,1.19,29.14,29.36,29.45,29.1,3722.1,1869.26,2.06,-0.01,0.91,45.47,13.68,192.98,146.19,-0.35,-0.33,-0.95,-0.71,-0.46,-0.27,-0.16,-0.26,-0.35,-0.33,-0.35,-0.29,-0.22,-0.27,-0.17,-0.28,5.36,9.24,Anomalia,0
ETR700,e700_4801,,,,N,2024-11-19 18:42:37.082057,2024-11-19 18:42:39.672057,2.59,,VEHICLE,VEHICLE,,,,2024-11-19 18:42:37.959188,2.59,-0.0,0.01,1.84,0.0,0.01,0.95,0.97,60.4,0.2,0.84,29.7,29.74,29.84,29.1,3543.45,2453.72,2.02,-0.02,1.32,45.44,9.81,-1.39,98.98,2.31,2.19,1.49,1.42,1.52,1.87,1.88,1.66,2.21,2.19,1.52,1.49,2.02,1.87,1.9,1.87,3.89,8.98,Anomalia,0
ETR700,e700_4801,,,,N,2024-11-19 18:45:04.984964,2024-11-19 18:47:32.834964,147.85,,VEHICLE,VEHICLE,,,,2024-11-19 18:45:05.209912,147.85,-0.02,0.91,1.45,-0.06,0.02,1.14,0.06,59.66,1.02,0.11,29.03,29.2,29.38,29.14,3554.38,2384.0,1.85,-0.0,1.13,45.53,9.89,155.7,-11.53,2.13,2.36,2.51,2.26,1.38,2.07,1.38,2.35,0.57,2.24,2.57,2.33,1.35,2.07,1.52,3953.11,4.75,8.29,Funzionamento Normale,1
ETR700,e700_4801,,,,N,2024-11-19 18:47:32.887132,2024-11-19 18:48:52.117132,79.23,,VEHICLE,VEHICLE,,,,2024-11-19 18:47:33.809515,79.23,-0.06,0.96,1.89,0.02,-0.01,1.07,-0.13,27.03,1.19,-0.15,28.96,29.15,29.17,29.1,4032.01,2507.45,2.03,-0.0,1.1,45.68,11.7,222.0,147.98,0.16,0.15,0.66,0.61,0.56,0.09,0.06,0.08,0.14,0.17,0.09,0.11,0.08,0.08,0.02,0.11,4.69,9.41,Anomalia,0
ETR700,e700_4801,,,,N,2024-11-19 18:48:19.700313,2024-11-19 19:05:29.620313,1029.92,,VEHICLE,VEHICLE,,,,2024-11-19 18:48:20.692839,1029.92,0.07,0.06,-0.01,-0.01,0.01,0.93,0.01,72.67,0.04,0.72,28.06,28.08,28.4,29.1,3469.88,1987.08,2.0,0.01,1.06,45.44,9.0,30.24,6.53,2.68,2.64,2.62,2.15,1.79,2.14,1.62,2.5,2.67,2.63,2.71,2.46,2.21,2.12,1.66,2.51,0.13,8.45,Anomalia,0
ETR700,e700_4801,,,,N,2024-11-19 19:05:29.653939,2024-11-19 19:15:04.883939,575.23,,VEHICLE,VEHICLE,,,,2024-11-19 19:05:30.106558,575.23,-0.02,0.1,0.77,-0.01,-0.03,1.17,0.0,18.51,1.15,-0.13,28.92,28.94,28.96,29.1,3528.02,2034.51,1.91,-0.01,1.09,45.46,9.37,100.18,-11.35,2.52,2.49,1.75,1.51,1.44,2.06,1.55,2.42,2.53,2.49,2.52,2.42,2.18,2.02,1.23,2.45,0.07,9.23,Anomalia,0
ETR700,e700_4801,,,,N,2024-11-19 19:15:04.928886,2024-11-19 19:15:51.688886,46.76,,VEHICLE,VEHICLE,,,,2024-11-19 19:15:05.163807,46.76,1.01,-0.06,0.87,-0.01,0.0,0.02,1.11,47.28,-0.13,1.05,28.81,29.2,29.35,29.12,3489.77,1811.99,1.98,-0.01,1.17,45.52,11.76,-5.6,40.19,2.58,2.46,2.44,2.48,2.39,2.03,2.02,2.55,0.35,2.46,2.47,2.44,2.35,2.05,2.01,0.22,2.03,9.07,Funzionamento Normale,1
ETR700,e700_4801,,,,N,2024-11-19 19:15:51.723469,2024-11-19 19:49:09.093469,1997.37,,VEHICLE,VEHICLE,,,,2024-11-19 19:15:52.371204,1997.37,0.84,0.01,1.03,-0.01,0.02,0.87,0.24,67.53,0.95,0.12,29.0,29.2,29.21,29.01,3566.38,1623.67,2.01,-0.0,1.06,45.51,10.29,-6.34,13.97,0.27,0.27,0.31,0.32,0.29,0.35,0.21,0.32,0.21,0.25,0.36,0.3,0.26,0.35,0.24,0.0,4.79,9.14,Funzionamento Normale,1
ETR700,e700_4801,,,,N,2024-11-19 19:49:09.146975,2024-11-19 19:50:29.706975,80.56,,VEHICLE,VEHICLE,,,,2024-11-19 19:49:09.331361,80.56,1.08,-0.08,0.85,0.04,-0.01,-0.07,1.04,34.44,-0.02,1.1,29.32,29.63,29.69,29.1,3716.98,2261.75,2.06,-0.0,1.0,45.81,13.89,133.32,104.98,0.21,0.29,0.7,0.37,0.33,0.21,0.01,0.16,0.2,0.26,0.24,0.17,0.03,0.19,0.03,0.19,4.45,8.8,Anomalia,0
ETR700,e700_4801,,,,N,2024-11-19 19:49:14.358318,2024-11-19 19:51:24.338318,129.98,,VEHICLE,VEHICLE,,,,2024-11-19 19:49:14.907671,129.98,0.03,1.01,1.95,-0.01,-0.0,0.95,-0.09,62.1,1.08,-0.07,28.68,28.91,29.02,29.1,3420.65,1972.52,1.98,0.01,0.82,45.51,13.68,176.38,-2.92,1.19,1.54,1.67,1.4,1.15,1.86,0.98,1.3,1.26,1.57,2.13,1.2,0.62,1.84,1.02,1.36,4.02,8.99,Anomalia,0
ETR700,e700_4801,,,,N,2024-11-19 19:51:24.394664,2024-11-19 19:51:29.554664,5.16,,VEHICLE,VEHICLE,,,,2024-11-19 19:51:24.565618,5.16,0.16,0.9,2.04,0.03,0.01,0.01,-0.02,86.81,0.87,0.78,29.21,29.2,29.35,29.23,3794.53,1944.61,2.14,0.01,0.88,45.67,9.42,251.24,63.45,-0.32,-0.34,-0.33,-0.31,-0.25,-0.27,-0.2,-0.27,0.0,-0.31,-0.32,-0.33,-0.26,-0.26,-0.19,0.0,10.59,9.26,Funzionamento Normale,1
ETR700,e700_4801,,,,N,2024-11-19 19:53:14.158205,2024-11-19 19:53:41.138205,26.98,,VEHICLE,VEHICLE,,,,2024-11-19 19:53:14.328159,26.98,-0.02,0.79,1.14,0.0,-0.01,0.96,0.93,105.85,0.23,0.1,28.79,29.2,28.93,28.7,3550.77,1979.82,1.93,-0.03,1.11,45.67,9.52,142.38,-2.45,0.44,2.01,0.59,0.41,0.4,0.96,0.45,0.31,0.19,2.21,0.57,0.45,0.38,0.8,0.5,0.01,4.92,8.79,Funzionamento Normale,1
ETR700,e700_4801,,,,N,2024-11-19 19:53:41.190173,2024-11-19 19:55:30.900173,109.71,,VEHICLE,VEHICLE,,,,2024-11-19 19:53:41.962814,109.71,0.76,0.02,0.24,0.05,-0.0,-0.02,0.96,-24.26,0.04,0.15,28.87,29.0,29.14,29.1,3573.69,1766.8,2.08,0.0,1.19,45.75,11.78,55.98,16.69,2.34,2.34,2.17,2.13,2.08,2.09,2.21,2.51,2.34,2.33,2.59,2.55,2.28,2.05,2.19,2.54,0.23,8.89,Anomalia,0
ETR700,e700_4801,,,,N,2024-11-19 19:55:30.954332,2024-11-19 20:00:46.464332,315.51,,VEHICLE,VEHICLE,,,,2024-11-19 19:55:31.383198,315.51,-0.0,1.05,2.08,0.01,0.01,1.01,0.17,82.7,1.02,-0.07,29.32,29.2,29.52,29.31,3516.52,2389.81,2.01,0.04,0.97,45.46,9.51,200.22,144.3,-0.06,-0.0,-0.01,-0.04,-0.01,-0.02,0.04,0.01,0.01,-0.02,-0.02,-0.04,-0.02,-0.01,0.04,0.0,4.97,9.13,Funzionamento Normale,1
ETR700,e700_4801,,,,N,2024-11-19 20:00:46.516382,2024-11-19 20:00:51.366382,4.85,,VEHICLE,VEHICLE,,,,2024-11-19 20:00:47.314334,4.85,0.94,0.02,1.03,0.01,0.03,0.91,-0.03,66.88,1.03,-0.0,27.81,28.52,28.59,29.03,3450.5,1978.23,2.06,-0.01,0.68,45.85,9.27,256.42,-1.72,2.67,2.52,2.16,1.99,2.0,2.1,1.99,2.52,2.65,2.52,2.68,2.53,2.36,2.11,2.0,2.53,0.16,8.69,Anomalia,0
ETR700,e700_4801,,,,N,2024-11-19 20:01:00.789689,2024-11-19 20:01:07.279689,6.49,,VEHICLE,VEHICLE,,,,2024-11-19 20:01:01.183858,6.49,0.04,0.93,1.12,-0.02,-0.01,0.07,-0.05,58.9,0.94,0.11,29.09,29.19,29.31,29.1,3359.45,1129.66,1.96,0.02,0.92,45.68,14.02,144.47,24.69,0.39,0.59,1.03,0.85,0.87,0.57,0.33,0.49,0.36,0.57,0.52,0.34,0.36,0.55,0.32,0.42,4.21,8.59,Anomalia,0
ETR700,e700_4801,,,,N,2024-11-19 20:01:15.073673,2024-11-19 20:01:29.303673,14.23,,VEHICLE,VEHICLE,,,,2024-11-19 20:01:15.325114,14.23,0.95,-0.04,-0.14,-0.02,0.0,0.07,0.82,66.48,0.05,0.03,22.27,29.2,23.21,22.74,3232.17,1858.91,2.01,0.01,1.15,45.78,10.91,234.94,-12.48,2.54,2.66,2.68,2.52,2.07,2.23,0.73,2.46,0.39,2.64,2.69,2.54,1.94,2.21,0.68,3.17,4.71,8.54,Funzionamento Normale,1
ETR700,e700_4801,,,,N,2024-11-19 20:01:29.355397,2024-11-19 20:02:27.845397,58.49,,VEHICLE,VEHICLE,,,,2024-11-19 20:01:29.625264,58.49,0.19,0.96,1.92,-0.0,-0.01,-0.1,0.07,65.7,-0.03,1.06,29.77,29.2,30.09,29.92,3758.47,1604.81,1.99,0.02,0.88,45.83,13.92,134.89,136.21,-0.1,-0.07,-0.17,-0.09,-0.06,-0.1,-0.12,-0.14,0.06,-0.08,-0.16,-0.09,-0.06,-0.1,-0.12,0.13,4.95,8.86,Funzionamento Normale,1
ETR700,e700_4801,,,,N,2024-11-19 20:02:14.666350,2024-11-19 20:02:59.926350,45.26,,VEHICLE,VEHICLE,,,,2024-11-19 20:02:14.724755,45.26,0.93,0.86,0.7,0.0,-0.02,1.04,-0.03,58.98,1.09,-0.14,29.06,29.3,29.36,29.1,3599.41,1633.16,1.96,0.01,1.02,45.46,9.09,236.23,36.09,0.39,0.62,1.15,1.27,1.29,0.37,0.65,0.68,0.39,0.63,0.46,0.56,0.8,0.37,0.78,0.6,4.34,9.02,Anomalia,0
ETR700,e700_4801,,,,N,2024-11-19 20:02:59.978704,2024-11-19 20:03:08.868704,8.89,,VEHICLE,VEHICLE,,,,2024-11-19 20:03:00.164127,8.89,0.16,0.93,1.96,-0.04,0.01,0.99,0.01,67.54,0.89,0.93,29.67,29.2,29.95,29.73,3873.39,2296.76,1.88,0.05,0.91,45.46,11.93,171.15,7.69,-0.23,-0.2,-0.18,-0.17,-0.21,-0.12,-0.09,-0.12,0.03,-0.19,-0.16,-0.15,-0.19,-0.13,-0.08,0.01,7.04,8.76,Funzionamento Normale,1
ETR700,e700_4801,,,,N,2024-11-19 20:04:27.420525,2024-11-19 20:05:12.570525,45.15,,VEHICLE,VEHICLE,,,,2024-11-19 20:04:27.740446,45.15,1.14,-0.03,0.04,-0.02,0.01,0.87,0.12,82.71,-0.18,1.02,28.21,29.2,28.65,28.63,3216.84,2495.99,1.96,-0.0,0.83,45.46,9.79,254.85,10.58,0.04,0.07,0.09,0.0,-0.04,0.04,-0.07,-0.01,0.0,0.08,0.12,-0.02,-0.02,0.04,-0.06,0.0,4.94,8.05,Funzionamento Normale,1
ETR700,e700_4801,,,,N,2024-11-19 20:05:54.863236,2024-11-19 20:07:22.253236,87.39,,VEHICLE,VEHICLE,,,,2024-11-19 20:05:54.879259,87.39,-0.17,1.05,0.24,-0.01,-0.06,1.18,-0.08,-3186.51,1.01,-0.18,23.01,22.23,22.97,29.1,-9735.2,2413.77,1.87,-0.01,1.28,45.48,9.6,224.4,-32.32,3.16,3.07,3.63,3.59,3.38,2.59,2.49,3.09,3.15,3.05,3.2,3.1,2.86,2.57,2.49,3.09,-0.93,8.73,Anomalia,0
ETR700,e700_4801,,,,N,2024-11-19 20:06:09.525942,2024-11-19 20:06:10.845942,1.32,,VEHICLE,VEHICLE,,,,2024-11-19 20:06:09.881498,1.32,0.01,0.17,0.98,-0.0,-0.01,0.96,0.12,-12020.69,0.96,-0.04,28.91,29.13,29.08,29.1,3234.71,1865.6,1.96,0.0,1.21,45.53,12.6,-5.08,-6.72,2.58,2.48,2.51,2.06,1.54,2.17,1.68,2.63,2.57,2.45,2.74,2.51,1.88,2.17,1.72,2.62,-0.25,8.09,Anomalia,0
